ec2-52-80-186-227.cn-north-1.compute.amazonaws.com.cn/52.80.186.227:8333,1588842297442
ec2-52-11-2-223.us-west-2.compute.amazonaws.com/52.11.2.223:8333,1588842297440
151.213.191.245/151.213.191.245:8333,1588842297440
65.52.168.203/65.52.168.203:55588,1588842297441
68.183.207.240/68.183.207.240:8333,1588842297439
88.130.221.202/88.130.221.202:8333,1588842297440
1.255.51.103/1.255.51.103:8333,1588842297441
97.122.164.245/97.122.164.245:8333,1588842297440
35.195.73.142/35.195.73.142:8333,1588842297441
80.213.236.78/80.213.236.78:8333,1588842297439
95.216.0.79/95.216.0.79:38333,1588842297441
18.196.94.129/18.196.94.129:8333,1588842297442
52.59.35.213/52.59.35.213:8333,1588842297441
78.46.104.226/78.46.104.226:8333,1588842297440
86.24.156.37/86.24.156.37:8333,1588842297442
201.69.230.140/201.69.230.140:8333,1588842297441
18.191.62.254/18.191.62.254:8333,1588842297442
142.93.158.191/142.93.158.191:8333,1588842297440
13.124.97.57/13.124.97.57:8333,1588842297442
190.96.1.19/190.96.1.19:8333,1588842297439
2601:985:3:6df1:10:0:0:20b3/2601:985:3:6df1:10:0:0:20b3:8333,1588842297440
52.88.109.192/52.88.109.192:8333,1588842297442
217.215.144.40/217.215.144.40:8333,1588842297442
116.202.174.119/116.202.174.119:8333,1588842297441
95.217.60.92/95.217.60.92:8333,1588842297440
77.119.131.55/77.119.131.55:39388,1588842297442
178.62.204.112/178.62.204.112:8333,1588842297441
18.203.123.46/18.203.123.46:8333,1588842297442
52.81.62.126/52.81.62.126:8333,1588842297441
47.244.199.226/47.244.199.226:7876,1588842297439
18.203.25.29/18.203.25.29:8333,1588842297441
47.112.120.219/47.112.120.219:8333,1588842297442
88.98.93.168/88.98.93.168:8333,1588842297442
52.78.116.41/52.78.116.41:6424,1588842297441
88.198.107.124/88.198.107.124:8333,1588842297442
34.76.128.89/34.76.128.89:8333,1588842297440
179.111.111.106/179.111.111.106:8333,1588842297441
194.165.230.33/194.165.230.33:8333,1588842297442
2a03:b0c0:3:d0:0:0:494b:c001/2a03:b0c0:3:d0:0:0:494b:c001:8333,1588842297440
52.140.234.26/52.140.234.26:8333,1588842297440
157.230.171.57/157.230.171.57:12002,1588842297441
71.171.36.178/71.171.36.178:8333,1588842297442
52.59.250.73/52.59.250.73:8332,1588842297440
71.197.2.119/71.197.2.119:8333,1588842297440
104.244.76.245/104.244.76.245:8333,1588842297441
51.171.187.135/51.171.187.135:8333,1588842297441
95.165.135.199/95.165.135.199:8333,1588842297442
14.104.80.87/14.104.80.87:8332,1588842297439
23.102.43.230/23.102.43.230:8333,1588842297442
47.75.104.182/47.75.104.182:8333,1588842297442
115.68.52.239/115.68.52.239:8333,1588842297442
180.156.255.18/180.156.255.18:8333,1588842297442
54.175.255.219/54.175.255.219:8333,1588842297440
2a02:587:3c27:a900:ac7e:5905:8f29:bd35/2a02:587:3c27:a900:ac7e:5905:8f29:bd35:8333,1588842297442
52.229.200.231/52.229.200.231:4000,1588842297440
124.67.254.119/124.67.254.119:8333,1588842297442
8.12.245.15/8.12.245.15:8333,1588842297441
54.173.90.34/54.173.90.34:8333,1588842297442
47.144.69.162/47.144.69.162:8333,1588842297439
18.197.69.117/18.197.69.117:8333,1588842297442
123.133.84.111/123.133.84.111:8333,1588842297442
151.66.5.9/151.66.5.9:8333,1588842297441
2406:da14:d6a:e95:7903:7c0e:11d9:ff77/2406:da14:d6a:e95:7903:7c0e:11d9:ff77:8333,1588842297440
121.135.2.245/121.135.2.245:8333,1588842297441
221.219.102.57/221.219.102.57:8333,1588842297441
185.141.63.28/185.141.63.28:8333,1588842297441
142.113.139.80/142.113.139.80:7333,1588842297440
86.19.94.187/86.19.94.187:8333,1588842297439
171.88.42.237/171.88.42.237:8333,1588842297441
2001:41d0:2:3097:0:0:0:0/2001:41d0:2:3097:0:0:0:0:8333,1588842297440
82.102.24.187/82.102.24.187:8333,1588842297439
117.89.13.183/117.89.13.183:8334,1588842297440
23.99.102.201/23.99.102.201:4000,1588842297441
34.240.10.11/34.240.10.11:8333,1588842297442
192.169.1.78/192.169.1.78:8333,1588842297442
74.222.67.124/74.222.67.124:8333,1588842297441
3.115.143.41/3.115.143.41:8333,1588842297440
188.31.165.67/188.31.165.67:8333,1588842297441
9999:9999:999:5100:0:0:0:41/9999:9999:999:5100:0:0:0:41:8333,1588842297441
51.89.143.213/51.89.143.213:8333,1588842297441
206.189.104.98/206.189.104.98:8333,1588928694826
2001:0:2851:782c:8cd:fbff:435a:f973/2001:0:2851:782c:8cd:fbff:435a:f973:8333,1588842297439
123.133.84.46/123.133.84.46:8333,1588842297442
171.245.199.105/171.245.199.105:8333,1588842297441
183.129.34.250/183.129.34.250:10333,1588842297442
91.23.158.73/91.23.158.73:8323,1588842297442
212.88.7.75/212.88.7.75:8333,1588842297441
39.100.147.104/39.100.147.104:8333,1588842297440
34.212.213.64/34.212.213.64:8333,1588842297440
85.217.222.125/85.217.222.125:8398,1588842297440
3.114.12.15/3.114.12.15:8333,1588842297441
87.79.157.26/87.79.157.26:8333,1588842297442
13.125.255.241/13.125.255.241:8353,1588842297440
108.128.253.165/108.128.253.165:8333,1588842297441
83.40.116.72/83.40.116.72:8333,1588842297440
167.172.121.14/167.172.121.14:8333,1588842297440
35.202.25.85/35.202.25.85:8334,1588842297441
2600:3c00:0:0:f03c:92ff:fee4:a084/2600:3c00:0:0:f03c:92ff:fee4:a084:8333,1588842297442
52.213.102.189/52.213.102.189:8333,1588842297440
139.59.72.4/139.59.72.4:8333,1588842297442
14.104.86.132/14.104.86.132:8333,1588842297442
13.112.100.125/13.112.100.125:18833,1588842297440
77.1.191.54/77.1.191.54:8333,1588842297440
82.196.116.106/82.196.116.106:8333,1588842297440
2600:1700:1181:430:0:0:0:12/2600:1700:1181:430:0:0:0:12:8333,1588842297439
199.229.249.138/199.229.249.138:8383,1588842297442
34.222.240.86/34.222.240.86:18916,1588842297440
34.77.13.201/34.77.13.201:8333,1588842297441
47.93.128.35/47.93.128.35:7333,1588842297442
72.75.204.79/72.75.204.79:8333,1588842297442
103.43.85.194/103.43.85.194:8333,1588842297442
47.56.205.188/47.56.205.188:18833,1588842297442
2001:41d0:2:56c6:0:0:0:1/2001:41d0:2:56c6:0:0:0:1:8333,1588842297441
88.80.112.107/88.80.112.107:8333,1588842297442
3.112.188.149/3.112.188.149:8333,1588842297441
221.216.139.153/221.216.139.153:8433,1588842297442
39.96.23.55/39.96.23.55:19000,1588842297441
18.162.230.86/18.162.230.86:8333,1588842297441
34.83.223.98/34.83.223.98:8333,1588842297441
178.234.252.158/178.234.252.158:8333,1588842297441
94.199.178.17/94.199.178.17:8022,1588842297442
3.16.83.187/3.16.83.187:8333,1588842297442
52.70.23.138/52.70.23.138:0,1588842297441
123.56.188.153/123.56.188.153:8333,1588842297441
2802:8000:c3eb:2600:a489:8441:3e55:f4b8/2802:8000:c3eb:2600:a489:8441:3e55:f4b8:8333,1588842297441
114.44.127.176/114.44.127.176:10333,1588842297442
178.128.54.184/178.128.54.184:8333,1588842297442
70.121.182.226/70.121.182.226:8333,1588842297440
85.17.25.72/85.17.25.72:8333,1588842297442
116.7.98.30/116.7.98.30:8333,1588842297440
162.83.190.156/162.83.190.156:8333,1588842297442
188.42.190.148/188.42.190.148:8333,1588842297441
80.141.179.189/80.141.179.189:8333,1588842297442
158.69.172.224/158.69.172.224:8333,1588842297439
2a01:4f8:10b:2e30:0:0:0:2/2a01:4f8:10b:2e30:0:0:0:2:8333,1588842297442
2604:a880:cad:d0:0:0:2783:e001/2604:a880:cad:d0:0:0:2783:e001:8333,1588842297442
89.64.27.54/89.64.27.54:8343,1588842297441
23.160.194.91/23.160.194.91:8333,1588842297440
1.162.131.152/1.162.131.152:10333,1588842297440
194.19.244.133/194.19.244.133:8555,1588842297440
178.128.214.119/178.128.214.119:8333,1588842297439
89.255.97.211/89.255.97.211:8333,1588842297440
23.237.76.35/23.237.76.35:8333,1588842297441
192.169.2.223/192.169.2.223:8333,1588842297440
37.97.193.38/37.97.193.38:8334,1588842297439
3.230.135.36/3.230.135.36:8333,1588842297439
18.200.98.39/18.200.98.39:8333,1588842297440
116.85.33.163/116.85.33.163:8333,1588842297442
85.212.253.42/85.212.253.42:8632,1588842297441
2a01:4f8:1c17:6665:0:0:0:1/2a01:4f8:1c17:6665:0:0:0:1:8333,1588842297441
93.49.244.132/93.49.244.132:8333,1588842297440
142.234.35.212/142.234.35.212:7333,1588842297439
157.245.149.154/157.245.149.154:8333,1588842297440
35.221.216.151/35.221.216.151:8333,1588842297440
2a02:c205:2019:135:0:0:0:1/2a02:c205:2019:135:0:0:0:1:8333,1588842297441
52.155.117.200/52.155.117.200:8333,1588842297441
35.190.200.140/35.190.200.140:8333,1588842297442
93.51.186.180/93.51.186.180:8333,1588842297442
91.190.196.107/91.190.196.107:8333,1588842297442
184.61.175.73/184.61.175.73:8333,1588842297441
15.164.162.94/15.164.162.94:8300,1588842297442
125.71.166.37/125.71.166.37:8333,1588842297441
95.112.31.88/95.112.31.88:8333,1588842297442
68.183.190.40/68.183.190.40:8333,1588925097439
134.209.250.196/134.209.250.196:8333,1588842297441
46.190.53.141/46.190.53.141:8334,1588842297440
101.201.82.196/101.201.82.196:8333,1588842297442
2601:18d:8a01:1110:b7cf:24b9:92f9:528e/2601:18d:8a01:1110:b7cf:24b9:92f9:528e:8333,1588842297440
2001:19f0:5401:bd:5400:ff:fe77:4360/2001:19f0:5401:bd:5400:ff:fe77:4360:8333,1588842297440
47.56.7.144/47.56.7.144:8333,1588842297439
2400:6180:100:d0:0:0:dc9:1001/2400:6180:100:d0:0:0:dc9:1001:8333,1588842297440
2a01:4f8:c0c:6c9:0:0:0:2/2a01:4f8:c0c:6c9:0:0:0:2:8336,1588842297441
18.140.66.43/18.140.66.43:8333,1588842297439
18.231.149.34/18.231.149.34:8363,1588842297442
54.180.135.207/54.180.135.207:8333,1588842297442
88.84.131.86/88.84.131.86:8333,1588842297442
54.175.255.215/54.175.255.215:0,1588842297442
178.17.171.201/178.17.171.201:8333,1588842297442
46.4.252.195/46.4.252.195:17333,1588842297441
110.54.249.181/110.54.249.181:8333,1588842297442
206.189.128.174/206.189.128.174:8333,1588842297441
35.212.238.207/35.212.238.207:8333,1588842297442
2003:d5:43d8:5800:214b:4f4c:ff71:382f/2003:d5:43d8:5800:214b:4f4c:ff71:382f:8333,1588842297441
2600:8806:8600:1d0:b848:ffa6:2e87:7f65/2600:8806:8600:1d0:b848:ffa6:2e87:7f65:8333,1588842297441
18.204.34.106/18.204.34.106:8333,1588842297441
188.166.119.35/188.166.119.35:8333,1588842297442
195.72.211.118/195.72.211.118:28012,1588842297441
113.116.158.53/113.116.158.53:8333,1588842297440
185.140.53.190/185.140.53.190:8333,1588842297439
137.135.174.202/137.135.174.202:8333,1588925097440
63.34.178.85/63.34.178.85:8333,1588842297441
47.75.122.15/47.75.122.15:8182,1588842297440
221.217.48.71/221.217.48.71:8333,1588842297442
13.53.105.244/13.53.105.244:8333,1588842297440
90.253.218.155/90.253.218.155:8333,1588842297442
87.78.61.37/87.78.61.37:8333,1588842297441
98.167.150.245/98.167.150.245:8333,1588842297442
34.200.237.71/34.200.237.71:8333,1588842297442
46.246.44.51/46.246.44.51:8333,1588842297441
150.101.218.46/150.101.218.46:8333,1588842297441
118.190.116.135/118.190.116.135:8333,1588842297441
54.164.176.198/54.164.176.198:8333,1588842297439
14.104.83.48/14.104.83.48:8333,1588842297441
113.88.14.196/113.88.14.196:8856,1588842297442
157.230.26.108/157.230.26.108:8333,1588842297440
179.83.236.184/179.83.236.184:8333,1588842297442
112.65.166.66/112.65.166.66:8333,1588842297442
93.230.145.164/93.230.145.164:8333,1588842297442
84.236.2.187/84.236.2.187:8433,1588842297442
178.123.177.16/178.123.177.16:8333,1588842297440
52.43.255.93/52.43.255.93:8333,1588842297441
3.112.141.232/3.112.141.232:8333,1588842297442
3.15.51.114/3.15.51.114:8333,1588842297441
84.148.213.70/84.148.213.70:8333,1588842297442
159.65.206.24/159.65.206.24:8333,1588842297439
2406:da18:f7c:4351:5729:102:998c:d41a/2406:da18:f7c:4351:5729:102:998c:d41a:8333,1588842297441
5.38.155.174/5.38.155.174:8335,1588842297442
221.223.24.158/221.223.24.158:8433,1588842297440
84.2.34.93/84.2.34.93:8333,1588842297440
94.72.143.114/94.72.143.114:8333,1588842297439
47.74.233.202/47.74.233.202:8333,1588842297440
2600:8802:3400:24:549c:854a:f273:7e0a/2600:8802:3400:24:549c:854a:f273:7e0a:8333,1588842297439
51.81.106.105/51.81.106.105:8333,1588842297442
187.10.148.60/187.10.148.60:8333,1588842297440
3.81.87.214/3.81.87.214:8333,1588842297440
54.175.255.214/54.175.255.214:0,1588842297440
104.205.46.156/104.205.46.156:8333,1588842297441
220.198.77.187/220.198.77.187:8333,1588842297442
3.123.186.196/3.123.186.196:8333,1588842297442
60.177.179.125/60.177.179.125:8333,1588842297439
51.68.50.152/51.68.50.152:8334,1588842297440
70.112.169.157/70.112.169.157:8333,1588842297441
178.128.106.150/178.128.106.150:8333,1588842297441
52.32.29.56/52.32.29.56:8333,1588842297442
150.95.35.92/150.95.35.92:8333,1588842297441
27.10.115.53/27.10.115.53:8332,1588842297441
73.185.246.117/73.185.246.117:8333,1588842297440
190.97.253.238/190.97.253.238:8333,1588842297441
13.48.104.54/13.48.104.54:8333,1588842297439
45.40.57.21/45.40.57.21:8333,1588842297442
125.27.17.206/125.27.17.206:8333,1588842297441
52.58.12.76/52.58.12.76:18443,1588842297442
46.75.99.197/46.75.99.197:8333,1588842297439
2001:b030:2303:180:172:24:120:112/2001:b030:2303:180:172:24:120:112:8333,1588842297441
95.118.24.74/95.118.24.74:8333,1588842297442
170.106.66.186/170.106.66.186:8333,1588842297439
2606:a000:131b:845f:14fa:2c85:e252:f4b7/2606:a000:131b:845f:14fa:2c85:e252:f4b7:8333,1588842297440
80.133.158.95/80.133.158.95:8444,1588842297442
2a01:4f8:222:16d6:0:0:0:2/2a01:4f8:222:16d6:0:0:0:2:7777,1588842297439
217.31.30.87/217.31.30.87:8333,1588842297442
90.186.190.134/90.186.190.134:8333,1588842297440
3.112.246.152/3.112.246.152:8333,1588842297440
2804:14d:5ce7:8708:15ec:91fb:47c5:c0a4/2804:14d:5ce7:8708:15ec:91fb:47c5:c0a4:8333,1588842297442
95.216.152.40/95.216.152.40:8333,1588842297441
35.209.133.107/35.209.133.107:8333,1588842297442
157.230.127.65/157.230.127.65:12333,1588842297442
49.197.72.136/49.197.72.136:8333,1588842297442
70.124.171.16/70.124.171.16:8334,1588842297442
18.182.214.130/18.182.214.130:8333,1588842297441
13.115.18.136/13.115.18.136:8330,1588842297442
2604:a880:2:d0:0:0:3267:5001/2604:a880:2:d0:0:0:3267:5001:8333,1588842297439
46.246.64.13/46.246.64.13:8333,1588842297440
185.223.95.24/185.223.95.24:8337,1588842297440
61.164.87.62/61.164.87.62:8333,1588842297442
111.230.90.90/111.230.90.90:33333,1588842297440
188.166.47.40/188.166.47.40:8333,1588842297439
116.203.51.44/116.203.51.44:8333,1588842297442
51.91.29.222/51.91.29.222:8335,1588842297442
117.89.15.154/117.89.15.154:8334,1588842297440
212.92.115.97/212.92.115.97:8333,1588842297441
103.142.126.14/103.142.126.14:8333,1588842297440
212.92.122.26/212.92.122.26:8333,1588842297441
188.166.111.174/188.166.111.174:8333,1588842297442
2001:8a0:da98:ff01:68b4:c24f:a09a:eb97/2001:8a0:da98:ff01:68b4:c24f:a09a:eb97:8333,1588842297439
35.175.142.76/35.175.142.76:31000,1588842297441
52.79.250.46/52.79.250.46:8333,1588842297441
2001:569:f99d:1d00:9d6e:fedf:3419:bb4/2001:569:f99d:1d00:9d6e:fedf:3419:bb4:8333,1588842297439
120.230.199.168/120.230.199.168:8333,1588842297441
136.243.15.148/136.243.15.148:8333,1588842297440
185.9.34.66/185.9.34.66:8333,1588842297439
94.245.108.46/94.245.108.46:8333,1588842297442
69.7.108.210/69.7.108.210:8333,1588842297441
47.74.248.99/47.74.248.99:8333,1588842297439
212.92.119.1/212.92.119.1:8333,1588842297441
144.202.31.40/144.202.31.40:8333,1588842297442
18.205.6.251/18.205.6.251:8333,1588842297441
91.12.120.203/91.12.120.203:8333,1588842297441
121.78.60.147/121.78.60.147:8333,1588842297442
116.7.98.101/116.7.98.101:8333,1588842297439
194.14.247.135/194.14.247.135:8333,1588842297439
95.216.245.82/95.216.245.82:8333,1588842297439
190.74.69.142/190.74.69.142:8333,1588842297442
202.130.111.218/202.130.111.218:8333,1588842297441
13.124.142.217/13.124.142.217:8333,1588842297442
35.156.74.224/35.156.74.224:8333,1588842297441
3.113.63.156/3.113.63.156:8333,1588842297440
94.130.163.215/94.130.163.215:8333,1588842297442
2a01:e0a:334:9630:837:86b9:3d2b:62df/2a01:e0a:334:9630:837:86b9:3d2b:62df:8333,1588842297440
203.220.48.7/203.220.48.7:8333,1588842297442
47.244.90.213/47.244.90.213:8333,1588842297442
47.91.166.134/47.91.166.134:8333,1588842297441
ec2-52-77-194-245.ap-southeast-1.compute.amazonaws.com/52.77.194.245:8333,1588842297442
2a01:4f8:192:248a:0:0:0:2/2a01:4f8:192:248a:0:0:0:2:8333,1588842297440
5.189.153.133/5.189.153.133:8333,1588842297442
2a01:4f8:c2c:81fc:0:0:0:1/2a01:4f8:c2c:81fc:0:0:0:1:8333,1588842297441
90.125.128.226/90.125.128.226:8333,1588842297440
2001:41d0:700:334c:0:0:0:0/2001:41d0:700:334c:0:0:0:0:8333,1588842297441
77.166.83.167/77.166.83.167:8333,1588842297439
202.186.145.90/202.186.145.90:8333,1588842297440
116.7.99.173/116.7.99.173:8333,1588842297439
159.65.40.247/159.65.40.247:8343,1588842297441
2804:7f4:c190:6db1:e155:289:fa77:8045/2804:7f4:c190:6db1:e155:289:fa77:8045:8333,1588842297441
86.42.174.192/86.42.174.192:8333,1588842297442
54.199.141.76/54.199.141.76:8333,1588842297441
138.201.72.28/138.201.72.28:3537,1588842297441
194.146.203.34/194.146.203.34:8333,1588842297442
70.50.100.152/70.50.100.152:8333,1588842297440
178.128.45.197/178.128.45.197:8333,1588925097440
47.106.214.206/47.106.214.206:8333,1588842297441
46.148.180.251/46.148.180.251:8333,1588842297440
178.194.75.18/178.194.75.18:11333,1588842297440
52.71.172.48/52.71.172.48:8333,1588842297442
159.117.150.122/159.117.150.122:8449,1588842297442
77.237.73.14/77.237.73.14:8333,1588842297442
195.176.3.20/195.176.3.20:9663,1588842297441
14.215.44.251/14.215.44.251:8333,1588842297442
52.49.169.177/52.49.169.177:8333,1588842297442
95.118.119.71/95.118.119.71:8333,1588842297441
185.138.8.6/185.138.8.6:8333,1588842297442
114.107.54.148/114.107.54.148:8333,1588842297440
89.238.183.164/89.238.183.164:8333,1588842297440
222.74.131.202/222.74.131.202:8333,1588842297441
80.122.229.106/80.122.229.106:8333,1588842297442
51.68.205.200/51.68.205.200:8333,1588842297442
2001:bc8:4700:2100:0:0:0:3c35/2001:bc8:4700:2100:0:0:0:3c35:8333,1588842297440
86.142.108.13/86.142.108.13:8337,1588842297442
98.168.128.167/98.168.128.167:8333,1588842297442
2a01:4f9:4a:251b:0:0:0:2/2a01:4f9:4a:251b:0:0:0:2:8333,1588842297440
121.225.25.110/121.225.25.110:8333,1588842297441
2600:3c01:0:0:f03c:91ff:fefb:c1d0/2600:3c01:0:0:f03c:91ff:fefb:c1d0:8333,1588842297442
86.12.81.250/86.12.81.250:8333,1588842297440
54.199.173.12/54.199.173.12:8333,1588842297439
104.42.169.103/104.42.169.103:8333,1588842297440
51.89.6.57/51.89.6.57:8333,1588842297442
125.168.66.27/125.168.66.27:8333,1588842297442
194.193.63.217/194.193.63.217:8333,1588842297442
2a00:ab00:603:84:0:0:0:3/2a00:ab00:603:84:0:0:0:3:8333,1588842297441
64.38.152.149/64.38.152.149:8333,1588842297441
47.75.110.87/47.75.110.87:8335,1588842297440
3.123.172.72/3.123.172.72:8333,1588842297439
54.193.70.232/54.193.70.232:8333,1588842297440
47.56.244.104/47.56.244.104:8333,1588842297440
24.188.157.186/24.188.157.186:8333,1588842297442
52.197.6.219/52.197.6.219:8333,1588842297442
138.201.83.166/138.201.83.166:8333,1588842297441
47.244.215.3/47.244.215.3:8333,1588842297440
80.140.121.188/80.140.121.188:8333,1588842297440
195.231.1.5/195.231.1.5:8333,1588842297441
172.33.0.5/172.33.0.5:8333,1588842297440
84.131.215.162/84.131.215.162:8333,1588842297442
78.157.211.237/78.157.211.237:8333,1588842297440
12.193.168.34/12.193.168.34:8333,1588842297439
39.107.46.137/39.107.46.137:8333,1588842297440
23.160.193.166/23.160.193.166:8333,1588842297441
2a02:1206:4571:e510:518d:3c10:e2f0:f1d1/2a02:1206:4571:e510:518d:3c10:e2f0:f1d1:8333,1588842297439
88.99.235.240/88.99.235.240:8555,1588842297442
47.187.206.118/47.187.206.118:8333,1588842297441
103.149.26.172/103.149.26.172:18833,1588842297440
63.35.245.59/63.35.245.59:8333,1588842297442
116.202.51.248/116.202.51.248:8333,1588842297442
52.4.69.69/52.4.69.69:8333,1588842297442
91.121.73.176/91.121.73.176:8333,1588842297441
39.106.48.220/39.106.48.220:8333,1588842297442
142.196.232.55/142.196.232.55:8333,1588842297440
47.52.229.49/47.52.229.49:8102,1588842297440
47.91.217.164/47.91.217.164:8333,1588842297440
72.187.156.109/72.187.156.109:8333,1588842297442
118.184.218.207/118.184.218.207:8333,1588842297440
13.229.234.62/13.229.234.62:7333,1588842297441
5.56.50.68/5.56.50.68:8333,1588842297440
121.40.226.185/121.40.226.185:8333,1588842297442
2600:8802:3400:24:2827:281d:2cfc:4574/2600:8802:3400:24:2827:281d:2cfc:4574:8333,1588842297439
114.248.201.34/114.248.201.34:8333,1588842297442
39.105.126.134/39.105.126.134:8333,1588842297442
118.24.27.53/118.24.27.53:8334,1588842297440
18.139.24.200/18.139.24.200:18833,1588842297442
221.216.138.163/221.216.138.163:8433,1588842297441
172.100.10.8/172.100.10.8:8333,1588842297440
13.53.101.23/13.53.101.23:8333,1588842297442
2.204.197.208/2.204.197.208:38333,1588842297439
77.54.115.80/77.54.115.80:8333,1588842297442
103.208.220.139/103.208.220.139:8333,1588842297440
99.80.66.29/99.80.66.29:8333,1588842297441
194.193.131.171/194.193.131.171:8333,1588842297441
2002:5355:9ec:0:8811:ddff:fe67:f20e/2002:5355:9ec:0:8811:ddff:fe67:f20e:8333,1588842297441
2604:6000:1415:86cb:3d65:34a8:e0fb:5bf4/2604:6000:1415:86cb:3d65:34a8:e0fb:5bf4:8333,1588842297441
13.229.106.86/13.229.106.86:18833,1588842297441
54.229.241.226/54.229.241.226:8333,1588842297440
147.135.38.197/147.135.38.197:8333,1588842297442
157.245.218.210/157.245.218.210:8333,1588842297440
15.164.163.184/15.164.163.184:8333,1588842297440
52.76.234.230/52.76.234.230:8334,1588842297442
147.92.132.223/147.92.132.223:8333,1588842297440
35.200.18.231/35.200.18.231:8333,1588842297441
217.66.106.216/217.66.106.216:8333,1588842297442
47.91.243.50/47.91.243.50:8333,1588842297441
182.241.98.20/182.241.98.20:8333,1588842297440
118.165.116.243/118.165.116.243:10333,1588842297439
162.213.248.67/162.213.248.67:8333,1588842297439
68.59.119.94/68.59.119.94:8333,1588842297442
47.91.165.249/47.91.165.249:8885,1588842297442
52.77.225.228/52.77.225.228:8333,1588842297442
182.150.21.69/182.150.21.69:8333,1588842297442
167.71.37.163/167.71.37.163:18333,1588842297441
183.156.106.51/183.156.106.51:8333,1588842297440
89.103.18.55/89.103.18.55:8333,1588842297439
159.203.171.73/159.203.171.73:8333,1588928694826
212.92.105.77/212.92.105.77:8333,1588842297440
34.248.94.76/34.248.94.76:8333,1588842297441
3.216.247.62/3.216.247.62:8333,1588842297440
221.180.252.92/221.180.252.92:8333,1588842297442
104.248.30.60/104.248.30.60:8333,1588842297441
91.148.112.75/91.148.112.75:8333,1588842297439
13.209.219.187/13.209.219.187:8333,1588842297440
114.44.123.197/114.44.123.197:10333,1588842297442
47.75.105.148/47.75.105.148:32011,1588842297442
185.41.249.35/185.41.249.35:8333,1588842297442
27.17.164.153/27.17.164.153:19003,1588842297439
2601:151:4500:19e:0:0:0:1e9f/2601:151:4500:19e:0:0:0:1e9f:8333,1588842297440
162.157.231.177/162.157.231.177:8333,1588842297441
101.100.131.159/101.100.131.159:8333,1588842297442
126.109.86.52/126.109.86.52:8333,1588842297439
50.47.119.221/50.47.119.221:8333,1588842297441
47.104.159.138/47.104.159.138:8333,1588842297440
86.142.108.2/86.142.108.2:8337,1588842297440
47.75.114.60/47.75.114.60:8333,1588842297440
47.52.202.69/47.52.202.69:8889,1588842297439
82.78.210.148/82.78.210.148:8333,1588842297442
23.111.86.28/23.111.86.28:7333,1588842297442
34.222.87.182/34.222.87.182:8333,1588842297441
52.194.8.37/52.194.8.37:8333,1588842297440
190.121.228.26/190.121.228.26:8333,1588842297441
34.90.44.91/34.90.44.91:8333,1588842297439
51.37.7.45/51.37.7.45:8333,1588842297441
ec2-18-179-28-64.ap-northeast-1.compute.amazonaws.com/18.179.28.64:8333,1588842297441
183.88.233.98/183.88.233.98:39388,1588842297440
47.75.184.180/47.75.184.180:10333,1588842297439
68.183.42.63/68.183.42.63:8333,1588928694826
185.219.223.108/185.219.223.108:8333,1588842297442
70.241.117.245/70.241.117.245:8333,1588842297441
83.135.200.152/83.135.200.152:8333,1588842297439
159.89.167.155/159.89.167.155:8333,1588842297442
73.158.99.71/73.158.99.71:8333,1588842297439
52.203.105.100/52.203.105.100:8333,1588842297439
2001:19f0:5801:2b6:5400:ff:fe76:65ae/2001:19f0:5801:2b6:5400:ff:fe76:65ae:8333,1588842297441
202.143.111.60/202.143.111.60:8333,1588842297442
85.197.55.98/85.197.55.98:8333,1588842297439
211.22.140.158/211.22.140.158:18833,1588842297441
3.87.179.157/3.87.179.157:8333,1588842297442
176.125.235.96/176.125.235.96:8333,1588842297439
103.71.153.59/103.71.153.59:8339,1588842297442
114.44.112.236/114.44.112.236:10333,1588842297439
14.104.85.249/14.104.85.249:8333,1588842297440
195.201.107.177/195.201.107.177:8333,1588842297442
167.99.92.186/167.99.92.186:8333,1588928694826
159.65.153.65/159.65.153.65:8333,1588925097442
120.77.46.167/120.77.46.167:8333,1588925097439
107.151.130.20/107.151.130.20:8333,1588842297441
ec2-18-185-107-184.eu-central-1.compute.amazonaws.com/18.185.107.184:8333,1588925097442
194.59.251.72/194.59.251.72:30002,1588842297441
159.138.111.140/159.138.111.140:9333,1588842297440
88.99.175.22/88.99.175.22:8333,1588842297439
186.230.91.6/186.230.91.6:8333,1588842297442
2802:8000:c36c:8c00:fd72:7528:7e3d:7497/2802:8000:c36c:8c00:fd72:7528:7e3d:7497:8333,1588842297439
123.133.78.4/123.133.78.4:8333,1588842297442
68.4.21.2/68.4.21.2:8333,1588842297442
157.230.161.213/157.230.161.213:8333,1588928694826
12.21.37.51/12.21.37.51:8333,1588842297442
98.214.101.171/98.214.101.171:8333,1588842297442
38.131.113.188/38.131.113.188:8333,1588842297441
125.24.175.138/125.24.175.138:8333,1588842297440
3.86.36.229/3.86.36.229:31000,1588842297442
3.122.205.73/3.122.205.73:8333,1588842297442
69.172.162.213/69.172.162.213:8333,1588842297441
24.120.9.216/24.120.9.216:8333,1588842297442
62.138.16.86/62.138.16.86:8333,1588842297440
2002:2956:685f:0:0:0:2956:685f/2002:2956:685f:0:0:0:2956:685f:8333,1588842297441
46.37.192.184/46.37.192.184:8333,1588842297441
18.202.60.84/18.202.60.84:8333,1588842297442
138.197.220.146/138.197.220.146:8333,1588842297442
52.73.168.104/52.73.168.104:8333,1588842297441
61.244.1.76/61.244.1.76:8333,1588842297441
2002:b280:6060:0:0:0:b280:6060/2002:b280:6060:0:0:0:b280:6060:8333,1588842297442
104.238.220.203/104.238.220.203:8333,1588842297439
157.230.41.128/157.230.41.128:8333,1588842297440
2a01:7c8:aaae:2a:5054:ff:fefc:6ea1/2a01:7c8:aaae:2a:5054:ff:fefc:6ea1:8333,1588842297442
73.239.190.81/73.239.190.81:8333,1588842297442
2604:a880:2:d1:0:0:d5:b001/2604:a880:2:d1:0:0:d5:b001:8888,1588842297441
208.118.62.99/208.118.62.99:8333,1588842297441
52.231.163.89/52.231.163.89:8335,1588842297440
182.241.98.7/182.241.98.7:8333,1588842297439
157.45.53.42/157.45.53.42:8333,1588842297440
185.220.101.250/185.220.101.250:8333,1588842297440
ns3129919.ip-51-75-60.eu/51.75.60.214:8333,1588842297440
59.63.206.209/59.63.206.209:31116,1588842297442
2a02:c207:2019:851:0:0:0:1/2a02:c207:2019:851:0:0:0:1:8333,1588842297442
35.203.127.101/35.203.127.101:8333,1588842297441
79.134.225.84/79.134.225.84:8333,1588842297440
94.254.184.5/94.254.184.5:8333,1588842297442
109.252.104.11/109.252.104.11:8333,1588842297442
2406:da14:d6a:e95:5479:9d25:c912:ecf9/2406:da14:d6a:e95:5479:9d25:c912:ecf9:8333,1588842297442
2a02:c205:2019:5435:0:0:0:1/2a02:c205:2019:5435:0:0:0:1:8333,1588842297442
88.208.57.212/88.208.57.212:8341,1588842297442
87.125.67.155/87.125.67.155:8333,1588842297440
47.91.154.254/47.91.154.254:18333,1588842297441
84.155.126.38/84.155.126.38:8333,1588842297442
5.79.123.194/5.79.123.194:10333,1588842297442
104.200.132.229/104.200.132.229:8333,1588842297440
78.42.129.199/78.42.129.199:8333,1588842297441
47.89.8.225/47.89.8.225:8333,1588842297442
162.251.232.103/162.251.232.103:8333,1588842297442
159.138.87.134/159.138.87.134:8333,1588842297440
2a05:d016:113:ac1b:96be:dbf:fd1c:c3ae/2a05:d016:113:ac1b:96be:dbf:fd1c:c3ae:8333,1588842297442
87.79.157.129/87.79.157.129:8333,1588842297441
50.47.119.220/50.47.119.220:8333,1588842297442
3.232.95.1/3.232.95.1:8333,1588842297442
104.248.181.157/104.248.181.157:8333,1588925097440
23.101.234.56/23.101.234.56:8335,1588842297442
27.215.39.50/27.215.39.50:8333,1588842297442
109.252.80.79/109.252.80.79:8333,1588842297442
121.33.213.132/121.33.213.132:8333,1588842297442
63.34.238.224/63.34.238.224:8333,1588842297440
195.201.208.40/195.201.208.40:8333,1588842297439
168.103.153.178/168.103.153.178:8333,1588842297440
103.213.195.243/103.213.195.243:8333,1588842297441
18.197.174.226/18.197.174.226:8333,1588842297442
88.153.118.4/88.153.118.4:8333,1588842297441
24.203.18.88/24.203.18.88:8333,1588842297442
192.30.89.59/192.30.89.59:15849,1588842297442
2802:8000:c3f0:e200:69a8:744b:868f:e7f9/2802:8000:c3f0:e200:69a8:744b:868f:e7f9:8333,1588842297442
47.74.253.59/47.74.253.59:8333,1588842297440
211.172.148.109/211.172.148.109:8333,1588842297442
185.177.5.6/185.177.5.6:8333,1588842297442
2a01:4f8:172:138c:0:0:0:2/2a01:4f8:172:138c:0:0:0:2:8333,1588842297442
35.240.39.208/35.240.39.208:8333,1588842297442
212.92.115.17/212.92.115.17:8333,1588842297441
34.222.125.43/34.222.125.43:8333,1588842297442
116.7.99.126/116.7.99.126:8333,1588842297441
187.167.179.54/187.167.179.54:65006,1588842297440
95.217.74.40/95.217.74.40:8333,1588842297442
159.65.152.200/159.65.152.200:8333,1588925097442
2001:41d0:700:3322:0:0:0:0/2001:41d0:700:3322:0:0:0:0:8006,1588842297441
2001:19f0:6c01:331:5400:ff:fe76:39b/2001:19f0:6c01:331:5400:ff:fe76:39b:8333,1588842297442
85.212.149.78/85.212.149.78:8333,1588842297442
2a01:4f8:10b:232d:0:0:0:2/2a01:4f8:10b:232d:0:0:0:2:8333,1588842297442
51.89.200.124/51.89.200.124:8333,1588842297441
162.62.27.196/162.62.27.196:8333,1588925097440
173.248.235.196/173.248.235.196:30008,1588842297440
47.244.158.31/47.244.158.31:8333,1588842297439
221.217.52.145/221.217.52.145:8333,1588842297442
47.75.116.119/47.75.116.119:8333,1588842297441
185.26.31.210/185.26.31.210:8333,1588842297442
144.91.87.85/144.91.87.85:8333,1588842297439
84.44.141.253/84.44.141.253:8334,1588842297441
78.56.180.231/78.56.180.231:8333,1588842297442
91.207.175.177/91.207.175.177:8333,1588842297442
mail.memtutor.com/79.137.41.14:8333,1588925097442
93.197.46.200/93.197.46.200:8323,1588842297442
104.154.183.205/104.154.183.205:8333,1588842297440
52.32.183.78/52.32.183.78:30008,1588842297441
83.59.91.127/83.59.91.127:8333,1588842297440
2a01:4f8:150:7149:0:0:0:2/2a01:4f8:150:7149:0:0:0:2:11108,1588842297440
124.156.100.83/124.156.100.83:28833,1588842297442
95.237.211.1/95.237.211.1:8333,1588842297441
13.113.177.75/13.113.177.75:8330,1588842297442
96.45.202.253/96.45.202.253:8394,1588842297440
213.59.132.118/213.59.132.118:8333,1588842297442
47.252.5.164/47.252.5.164:8333,1588842297442
71.174.247.109/71.174.247.109:8333,1588842297441
14.153.200.164/14.153.200.164:8333,1588842297439
221.219.103.230/221.219.103.230:8333,1588842297441
203.150.153.200/203.150.153.200:8333,1588842297440
3.114.40.146/3.114.40.146:8448,1588842297440
213.239.194.152/213.239.194.152:8333,1588842297441
211.26.82.154/211.26.82.154:8333,1588842297442
15.206.185.161/15.206.185.161:8333,1588842297441
24.140.233.87/24.140.233.87:8333,1588842297440
93.218.40.44/93.218.40.44:8333,1588842297442
167.99.15.90/167.99.15.90:8333,1588842297440
47.52.26.76/47.52.26.76:8333,1588842297442
88.109.118.159/88.109.118.159:8333,1588842297441
3.92.176.67/3.92.176.67:31000,1588842297439
5.196.119.138/5.196.119.138:8334,1588842297441
c-24-91-86-78.hsd1.ma.comcast.net/24.91.86.78:8333,1588842297442
195.201.208.44/195.201.208.44:8333,1588842297440
91.23.159.246/91.23.159.246:8323,1588842297442
35.195.87.26/35.195.87.26:8333,1588842297439
116.124.129.103/116.124.129.103:8333,1588842297441
54.254.186.14/54.254.186.14:8333,1588842297439
123.123.250.183/123.123.250.183:8433,1588842297440
87.76.9.162/87.76.9.162:8333,1588842297439
80.142.91.104/80.142.91.104:8333,1588842297441
139.162.29.241/139.162.29.241:8333,1588842297439
54.145.163.149/54.145.163.149:9334,1588842297440
182.241.99.21/182.241.99.21:8333,1588842297441
142.129.145.149/142.129.145.149:8333,1588842297441
149.202.71.217/149.202.71.217:8333,1588842297442
2a01:4f8:191:5061:0:0:0:2/2a01:4f8:191:5061:0:0:0:2:8333,1588842297442
185.65.135.171/185.65.135.171:8333,1588842297441
2600:3c03:0:0:f03c:91ff:fefb:6669/2600:3c03:0:0:f03c:91ff:fefb:6669:8333,1588842297442
194.14.247.49/194.14.247.49:8333,1588842297439
165.227.155.208/165.227.155.208:8333,1588842297441
120.76.102.61/120.76.102.61:8333,1588842297442
95.63.229.41/95.63.229.41:8333,1588842297439
34.227.76.175/34.227.76.175:8333,1588842297440
2607:f2c0:f00e:6cad:5054:ff:fe00:ac20/2607:f2c0:f00e:6cad:5054:ff:fe00:ac20:8333,1588842297441
2001:41d0:a:73a:0:0:0:1/2001:41d0:a:73a:0:0:0:1:8333,1588842297440
54.157.112.42/54.157.112.42:31000,1588842297441
13.48.207.194/13.48.207.194:2008,1588842297441
5.9.65.46/5.9.65.46:8333,1588842297441
88.99.146.253/88.99.146.253:8333,1588842297441
173.64.25.235/173.64.25.235:8333,1588842297440
123.133.84.65/123.133.84.65:8333,1588842297439
18.138.226.211/18.138.226.211:8333,1588842297442
52.186.127.85/52.186.127.85:8333,1588842297442
85.224.106.139/85.224.106.139:8333,1588842297441
62.221.96.178/62.221.96.178:8333,1588842297440
2001:980:e20b:1:ca0d:a261:a929:3644/2001:980:e20b:1:ca0d:a261:a929:3644:8333,1588842297441
136.144.211.232/136.144.211.232:8133,1588842297439
13.232.54.229/13.232.54.229:8333,1588842297442
113.87.99.225/113.87.99.225:8333,1588842297442
117.89.15.95/117.89.15.95:8334,1588842297440
221.219.100.68/221.219.100.68:8333,1588842297440
47.56.106.54/47.56.106.54:6781,1588842297441
96.225.154.33/96.225.154.33:8333,1588842297442
131.107.160.23/131.107.160.23:8333,1588842297442
157.13.61.86/157.13.61.86:8333,1588842297440
86.202.110.77/86.202.110.77:8333,1588842297441
104.155.1.104/104.155.1.104:8333,1588842297442
2a01:4f8:141:2254:0:0:0:2/2a01:4f8:141:2254:0:0:0:2:8433,1588842297442
103.248.22.98/103.248.22.98:8333,1588842297442
213.227.145.69/213.227.145.69:8333,1588842297440
27.18.132.67/27.18.132.67:19003,1588842297440
217.103.221.7/217.103.221.7:5914,1588842297442
78.49.136.54/78.49.136.54:8333,1588842297442
192.170.5.83/192.170.5.83:8433,1588842297441
80.93.208.216/80.93.208.216:8333,1588842297439
2601:18d:4500:c328:d4ee:e7b5:fc14:3d34/2601:18d:4500:c328:d4ee:e7b5:fc14:3d34:8333,1588842297442
52.207.107.57/52.207.107.57:8333,1588842297441
120.31.66.236/120.31.66.236:8333,1588842297442
2a01:e34:ef26:7c0:224:21ff:fee4:af9b/2a01:e34:ef26:7c0:224:21ff:fee4:af9b:8333,1588842297441
145.239.255.230/145.239.255.230:8333,1588842297442
92.117.41.97/92.117.41.97:8333,1588842297439
47.89.15.18/47.89.15.18:18333,1588842297440
34.90.85.185/34.90.85.185:8333,1588842297441
78.62.113.78/78.62.113.78:8333,1588842297441
52.77.207.15/52.77.207.15:18833,1588842297442
18.136.134.244/18.136.134.244:8333,1588842297442
221.203.6.136/221.203.6.136:8333,1588842297440
52.194.191.12/52.194.191.12:8333,1588842297441
54.254.240.10/54.254.240.10:8333,1588842297442
62.241.233.56/62.241.233.56:8333,1588842297441
39.100.133.11/39.100.133.11:10333,1588842297440
128.1.83.165/128.1.83.165:8333,1588842297442
172.88.1.4/172.88.1.4:8333,1588842297441
35.177.119.15/35.177.119.15:8333,1588842297441
81.96.139.252/81.96.139.252:8333,1588842297442
194.14.246.36/194.14.246.36:8333,1588842297441
113.116.138.117/113.116.138.117:8333,1588842297440
13.124.219.117/13.124.219.117:8332,1588842297442
173.231.200.117/173.231.200.117:8333,1588842297441
52.41.103.191/52.41.103.191:8333,1588842297439
83.197.164.142/83.197.164.142:8333,1588842297442
182.148.59.43/182.148.59.43:8333,1588842297442
ec2-13-114-252-176.ap-northeast-1.compute.amazonaws.com/13.114.252.176:8333,1588842297440
79.134.225.7/79.134.225.7:8333,1588842297442
77.181.82.225/77.181.82.225:8333,1588842297439
170.52.71.98/170.52.71.98:8333,1588842297442
116.202.60.72/116.202.60.72:8333,1588842297441
47.52.69.97/47.52.69.97:8104,1588842297441
91.41.131.51/91.41.131.51:8333,1588842297442
13.229.184.127/13.229.184.127:8333,1588842297441
1.203.77.23/1.203.77.23:8333,1588842297440
34.247.246.225/34.247.246.225:8333,1588842297441
86.130.45.41/86.130.45.41:8337,1588842297442
178.33.239.151/178.33.239.151:8333,1588842297439
52.26.19.11/52.26.19.11:8333,1588842297439
bitcoinsv.si/46.4.23.220:8333,1588842297441
94.230.153.108/94.230.153.108:8333,1588842297441
218.57.84.208/218.57.84.208:8333,1588842297442
mail.bowstave.co.uk/138.201.123.88:8333,1588925097442
2001:0:2851:b9f0:3837:2b88:9a9d:65a0/2001:0:2851:b9f0:3837:2b88:9a9d:65a0:8333,1588842297441
95.97.50.190/95.97.50.190:8333,1588842297441
52.4.121.111/52.4.121.111:4333,1588842297442
103.214.146.92/103.214.146.92:60031,1588842297442
195.201.8.235/195.201.8.235:8333,1588842297441
2600:1f18:41f1:e940:340f:9c9e:f528:c29f/2600:1f18:41f1:e940:340f:9c9e:f528:c29f:8333,1588842297442
131.107.159.151/131.107.159.151:8333,1588842297439
123.114.32.155/123.114.32.155:8433,1588842297440
47.114.162.74/47.114.162.74:8333,1588842297442
47.244.245.31/47.244.245.31:8333,1588842297442
47.94.111.103/47.94.111.103:8333,1588842297441
95.233.172.71/95.233.172.71:8333,1588842297441
73.185.3.194/73.185.3.194:8333,1588842297441
141.136.224.214/141.136.224.214:8333,1588842297442
107.23.31.174/107.23.31.174:8333,1588842297442
105.233.248.22/105.233.248.22:8333,1588842297442
35.196.156.141/35.196.156.141:8333,1588842297441
172.104.253.246/172.104.253.246:8333,1588842297442
169.0.56.119/169.0.56.119:8333,1588842297440
3.214.244.152/3.214.244.152:8333,1588842297441
13.251.77.249/13.251.77.249:8180,1588842297439
144.76.102.121/144.76.102.121:8333,1588842297439
91.115.235.111/91.115.235.111:8333,1588842297439
2001:41f0:0:4:62:6974:636f:696e/2001:41f0:0:4:62:6974:636f:696e:8333,1588842297442
35.203.118.213/35.203.118.213:8333,1588842297440
2604:a880:800:a1:0:0:db9:f001/2604:a880:800:a1:0:0:db9:f001:8333,1588842297441
ec2-3-127-139-4.eu-central-1.compute.amazonaws.com/3.127.139.4:8333,1588842297441
212.92.114.68/212.92.114.68:8333,1588842297442
212.39.89.150/212.39.89.150:8333,1588842297442
116.7.97.182/116.7.97.182:8333,1588842297442
79.136.24.202/79.136.24.202:8333,1588842297441
23.160.193.185/23.160.193.185:8333,1588925097441
194.35.86.10/194.35.86.10:8333,1588842297442
13.113.148.105/13.113.148.105:8333,1588842297439
223.17.48.219/223.17.48.219:8333,1588842297439
75.86.219.140/75.86.219.140:8333,1588842297441
65.186.82.182/65.186.82.182:8333,1588842297441
138.201.81.69/138.201.81.69:8333,1588842297442
116.7.99.197/116.7.99.197:8333,1588842297442
211.42.197.203/211.42.197.203:8333,1588842297439
35.156.136.115/35.156.136.115:8333,1588842297439
47.75.9.100/47.75.9.100:8444,1588842297440
102.132.225.103/102.132.225.103:8333,1588842297439
80.221.154.105/80.221.154.105:8333,1588842297442
116.7.98.189/116.7.98.189:8333,1588842297441
ec2-13-231-92-219.ap-northeast-1.compute.amazonaws.com/13.231.92.219:8333,1588842297442
124.135.214.93/124.135.214.93:8333,1588842297440
188.93.90.3/188.93.90.3:8334,1588842297442
79.176.32.61/79.176.32.61:8333,1588842297439
159.65.40.204/159.65.40.204:8333,1588842297439
51.89.189.24/51.89.189.24:8333,1588842297441
113.87.25.75/113.87.25.75:8333,1588842297440
25.94.150.10/25.94.150.10:8333,1588842297442
138.68.233.135/138.68.233.135:8337,1588842297441
95.216.224.152/95.216.224.152:8333,1588842297440
172.32.131.72/172.32.131.72:8333,1588842297441
63.33.252.203/63.33.252.203:8335,1588842297439
24.23.162.106/24.23.162.106:8333,1588842297442
185.26.31.219/185.26.31.219:8333,1588842297441
95.216.64.219/95.216.64.219:8333,1588842297442
51.89.147.73/51.89.147.73:8333,1588842297440
216.154.36.58/216.154.36.58:8333,1588842297440
52.194.210.166/52.194.210.166:8333,1588842297442
185.204.1.185/185.204.1.185:8333,1588842297441
47.74.42.47/47.74.42.47:8333,1588842297441
74.63.172.94/74.63.172.94:8333,1588842297441
37.6.71.4/37.6.71.4:8333,1588842297440
121.201.119.100/121.201.119.100:8333,1588842297440
157.230.22.219/157.230.22.219:8333,1588842297442
51.89.147.70/51.89.147.70:8333,1588842297442
192.187.121.44/192.187.121.44:8333,1588842297441
18.182.214.91/18.182.214.91:8555,1588842297440
178.249.25.123/178.249.25.123:8333,1588842297440
52.12.138.143/52.12.138.143:8333,1588842297440
178.40.199.195/178.40.199.195:8333,1588842297441
73.82.119.13/73.82.119.13:8333,1588842297442
2604:a880:cad:d0:0:0:2449:f001/2604:a880:cad:d0:0:0:2449:f001:8333,1588842297441
178.192.105.67/178.192.105.67:8333,1588842297440
95.217.6.191/95.217.6.191:8333,1588842297441
192.241.145.133/192.241.145.133:8333,1588842297442
47.97.159.245/47.97.159.245:8333,1588842297440
49.51.75.110/49.51.75.110:3336,1588842297439
94.130.16.96/94.130.16.96:8333,1588842297441
13.209.35.141/13.209.35.141:8333,1588842297440
2601:647:4b00:44f3:e5e5:f755:eba8:2cf3/2601:647:4b00:44f3:e5e5:f755:eba8:2cf3:8333,1588842297441
54.82.86.194/54.82.86.194:8333,1588842297440
58.62.166.44/58.62.166.44:8333,1588842297441
161.117.232.125/161.117.232.125:8333,1588842297440
35.204.78.109/35.204.78.109:8333,1588842297440
169.61.79.252/169.61.79.252:7399,1588842297440
61.156.179.86/61.156.179.86:8333,1588842297440
2604:a880:2:d1:0:0:12d:2001/2604:a880:2:d1:0:0:12d:2001:8888,1588842297442
91.160.114.98/91.160.114.98:8333,1588842297442
66.27.211.114/66.27.211.114:8333,1588842297442
113.87.40.161/113.87.40.161:8333,1588842297441
79.135.200.90/79.135.200.90:8333,1588842297442
2a01:4f9:2a:2517:0:0:0:2/2a01:4f9:2a:2517:0:0:0:2:8333,1588842297441
2802:8000:c31f:5900:847a:8371:5535:c8ea/2802:8000:c31f:5900:847a:8371:5535:c8ea:8333,1588842297441
35.184.236.172/35.184.236.172:8333,1588842297440
84.237.203.43/84.237.203.43:8333,1588842297442
73.185.95.115/73.185.95.115:8333,1588842297439
79.143.188.164/79.143.188.164:8333,1588842297439
89.0.81.116/89.0.81.116:8333,1588842297440
2a01:7e00:0:0:f03c:91ff:fe3e:33b2/2a01:7e00:0:0:f03c:91ff:fe3e:33b2:8333,1588842297441
2003:a:107f:a778:20c:29ff:fe0c:5953/2003:a:107f:a778:20c:29ff:fe0c:5953:8333,1588842297439
2604:a880:cad:d0:0:0:2407:6001/2604:a880:cad:d0:0:0:2407:6001:8333,1588842297441
34.205.55.22/34.205.55.22:31000,1588842297440
218.146.111.236/218.146.111.236:8333,1588842297440
114.44.127.133/114.44.127.133:10333,1588842297441
47.252.82.62/47.252.82.62:8333,1588842297441
211.172.248.226/211.172.248.226:8333,1588842297442
34.195.124.95/34.195.124.95:8333,1588842297440
95.111.227.63/95.111.227.63:8333,1588842297441
46.209.207.130/46.209.207.130:8333,1588842297442
3.91.92.51/3.91.92.51:8333,1588842297440
220.133.9.125/220.133.9.125:8333,1588842297441
103.213.195.225/103.213.195.225:8333,1588842297442
47.56.64.111/47.56.64.111:8333,1588842297441
2a01:4f8:172:2694:0:0:0:2/2a01:4f8:172:2694:0:0:0:2:8333,1588842297442
47.244.130.128/47.244.130.128:8103,1588842297440
82.149.225.91/82.149.225.91:8333,1588842297439
67.162.119.211/67.162.119.211:8333,1588842297442
52.151.88.164/52.151.88.164:8333,1588842297441
193.168.0.139/193.168.0.139:8333,1588842297441
46.101.13.140/46.101.13.140:8333,1588842297442
2001:0:2851:782c:3c46:27bb:a1ec:6964/2001:0:2851:782c:3c46:27bb:a1ec:6964:8333,1588842297441
212.92.118.94/212.92.118.94:8333,1588842297439
91.41.133.238/91.41.133.238:8444,1588842297441
2600:3c02:0:0:f03c:91ff:fefb:9d0e/2600:3c02:0:0:f03c:91ff:fefb:9d0e:8333,1588842297441
20.43.18.177/20.43.18.177:8333,1588842297442
87.227.229.89/87.227.229.89:8333,1588842297442
178.128.232.188/178.128.232.188:8333,1588925097439
2601:18d:8a01:1110:14f0:4a4e:17d8:21d9/2601:18d:8a01:1110:14f0:4a4e:17d8:21d9:8333,1588842297440
23.101.227.21/23.101.227.21:8333,1588842297442
113.207.31.10/113.207.31.10:8333,1588842297440
87.78.147.221/87.78.147.221:8333,1588842297442
240d:1a:759:3300:2c06:a7ce:d44c:c202/240d:1a:759:3300:2c06:a7ce:d44c:c202:8333,1588842297440
46.48.19.132/46.48.19.132:8333,1588842297441
204.50.64.2/204.50.64.2:8333,1588842297441
31.201.216.228/31.201.216.228:8333,1588842297442
52.194.40.139/52.194.40.139:8333,1588842297440
47.74.3.248/47.74.3.248:8333,1588842297441
35.232.221.36/35.232.221.36:9333,1588842297442
47.75.247.60/47.75.247.60:8333,1588842297442
125.27.189.212/125.27.189.212:8333,1588842297441
triton628.dedicatedpanel.com/85.25.119.28:8333,1588842297442
52.69.51.4/52.69.51.4:18833,1588842297441
47.244.22.16/47.244.22.16:8333,1588842297441
34.236.21.40/34.236.21.40:8333,1588842297440
13.125.227.225/13.125.227.225:8333,1588842297440
124.168.68.186/124.168.68.186:8333,1588842297439
62.210.167.199/62.210.167.199:10333,1588842297442
142.93.153.5/142.93.153.5:8333,1588842297440
66.70.179.123/66.70.179.123:8333,1588842297440
91.141.1.204/91.141.1.204:30008,1588842297442
47.88.172.171/47.88.172.171:8333,1588842297442
2600:1f16:625:e00:ed68:15b0:3a97:be0c/2600:1f16:625:e00:ed68:15b0:3a97:be0c:8555,1588842297439
77.181.64.148/77.181.64.148:8333,1588842297440
43.242.131.93/43.242.131.93:8334,1588842297442
37.9.168.185/37.9.168.185:6333,1588842297442
2001:0:2851:782c:3c2b:3a1d:c91a:610d/2001:0:2851:782c:3c2b:3a1d:c91a:610d:8333,1588842297442
47.52.16.92/47.52.16.92:8888,1588842297440
94.130.9.100/94.130.9.100:8334,1588842297441
80.78.249.65/80.78.249.65:7333,1588842297439
47.244.11.40/47.244.11.40:8887,1588925097442
18.197.239.246/18.197.239.246:8333,1588842297442
ns554247.ip-142-44-214.net/142.44.214.159:8333,1588842297441
18.140.27.22/18.140.27.22:7333,1588842297440
58.152.50.101/58.152.50.101:8333,1588842297442
144.217.72.135/144.217.72.135:8333,1588842297441
198.84.229.226/198.84.229.226:8333,1588842297439
42.49.141.30/42.49.141.30:8333,1588842297441
103.41.107.195/103.41.107.195:8342,1588842297442
35.200.44.95/35.200.44.95:8333,1588842297442
13.53.140.192/13.53.140.192:8333,1588842297440
18.222.72.213/18.222.72.213:8333,1588842297441
72.249.196.4/72.249.196.4:8333,1588842297442
109.95.236.133/109.95.236.133:8333,1588842297442
185.213.154.164/185.213.154.164:8333,1588842297440
2606:a000:1012:4349:cfa:170d:a971:2a3d/2606:a000:1012:4349:cfa:170d:a971:2a3d:8333,1588842297442
51.89.213.81/51.89.213.81:8333,1588842297439
75.97.198.197/75.97.198.197:8333,1588842297440
171.97.68.181/171.97.68.181:8333,1588842297441
18.197.157.96/18.197.157.96:8333,1588842297439
13.229.150.95/13.229.150.95:8331,1588842297440
212.92.111.222/212.92.111.222:8333,1588842297439
2a00:7c80:0:25:0:0:0:e37a/2a00:7c80:0:25:0:0:0:e37a:8333,1588842297441
200.9.16.15/200.9.16.15:8333,1588842297439
89.45.67.18/89.45.67.18:8333,1588842297442
157.131.100.46/157.131.100.46:8333,1588842297439
2001:41d0:2:a707:0:0:0:0/2001:41d0:2:a707:0:0:0:0:8333,1588842297439
47.91.253.32/47.91.253.32:8333,1588842297439
45.151.125.25/45.151.125.25:8333,1588842297440
87.2.226.33/87.2.226.33:8333,1588842297442
87.79.162.28/87.79.162.28:8333,1588842297441
52.193.248.67/52.193.248.67:8333,1588842297442
2600:1f18:257a:7710:6791:96:65f5:6ce/2600:1f18:257a:7710:6791:96:65f5:6ce:40015,1588842297441
93.90.193.195/93.90.193.195:8332,1588842297442
104.248.245.82/104.248.245.82:8333,1588928694826
37.187.125.193/37.187.125.193:8333,1588842297442
221.150.37.90/221.150.37.90:8333,1588842297440
2001:0:2851:782c:3026:148d:86b1:2045/2001:0:2851:782c:3026:148d:86b1:2045:8333,1588842297441
112.253.22.159/112.253.22.159:8333,1588842297442
13.126.147.232/13.126.147.232:8352,1588842297441
185.16.231.205/185.16.231.205:8333,1588842297441
109.90.16.54/109.90.16.54:8333,1588842297441
188.193.185.74/188.193.185.74:8333,1588842297439
183.156.53.111/183.156.53.111:10409,1588842297440
27.10.105.183/27.10.105.183:8332,1588842297441
2a01:e0a:475:d410:a8b9:a239:b318:e7ea/2a01:e0a:475:d410:a8b9:a239:b318:e7ea:8333,1588842297440
116.87.24.243/116.87.24.243:8333,1588842297442
163.172.142.149/163.172.142.149:10000,1588842297442
2406:da18:f7c:4351:f62c:5013:379b:363e/2406:da18:f7c:4351:f62c:5013:379b:363e:8333,1588842297440
212.92.108.64/212.92.108.64:8333,1588842297442
174.138.5.253/174.138.5.253:8333,1588928694826
static.245.230.203.116.clients.your-server.de/116.203.230.245:8333,1588842297439
52.2.102.171/52.2.102.171:8333,1588842297442
13.72.106.206/13.72.106.206:39388,1588842297440
18.213.37.142/18.213.37.142:8333,1588842297442
139.59.67.18/139.59.67.18:8333,1588925097442
194.59.251.34/194.59.251.34:30002,1588842297439
52.192.252.97/52.192.252.97:8333,1588842297441
87.214.96.11/87.214.96.11:8333,1588842297440
52.207.132.216/52.207.132.216:8333,1588842297442
2a01:cb1d:6fc:d400:24cd:64aa:bdbb:407/2a01:cb1d:6fc:d400:24cd:64aa:bdbb:407:8333,1588842297442
106.117.142.174/106.117.142.174:8333,1588842297441
47.74.33.102/47.74.33.102:28555,1588842297442
185.220.101.62/185.220.101.62:8333,1588842297442
109.146.114.145/109.146.114.145:8333,1588842297442
54.241.134.83/54.241.134.83:8333,1588842297439
178.129.43.78/178.129.43.78:8333,1588842297439
52.26.68.132/52.26.68.132:8333,1588842297441
206.189.81.233/206.189.81.233:8333,1588928694826
52.58.146.18/52.58.146.18:8333,1588842297440
52.199.130.74/52.199.130.74:8333,1588842297441
129.13.189.202/129.13.189.202:8333,1588842297442
47.75.106.25/47.75.106.25:8333,1588842297441
13.251.236.55/13.251.236.55:8333,1588842297441
89.244.161.5/89.244.161.5:8333,1588842297441
197.81.216.60/197.81.216.60:8333,1588842297440
35.184.206.114/35.184.206.114:8333,1588842297439
143.92.56.73/143.92.56.73:59070,1588842297442
static.67.169.99.88.clients.your-server.de/88.99.169.67:8336,1588842297441
34.239.103.64/34.239.103.64:8444,1588842297442
76.103.58.237/76.103.58.237:8333,1588842297440
34.221.120.91/34.221.120.91:8333,1588842297440
2a02:120b:2c38:24a0:4de9:4938:72e0:f922/2a02:120b:2c38:24a0:4de9:4938:72e0:f922:8333,1588842297440
169.61.79.38/169.61.79.38:8333,1588842297439
124.78.139.72/124.78.139.72:8333,1588842297442
40.86.188.105/40.86.188.105:8333,1588842297442
217.31.31.66/217.31.31.66:8333,1588842297441
165.22.7.238/165.22.7.238:8333,1588842297441
175.139.123.175/175.139.123.175:8333,1588842297441
128.1.43.87/128.1.43.87:9333,1588842297442
108.234.119.22/108.234.119.22:8333,1588842297441
212.92.115.127/212.92.115.127:8333,1588842297442
85.1.1.76/85.1.1.76:8333,1588842297442
51.37.240.11/51.37.240.11:8433,1588842297442
173.208.133.170/173.208.133.170:8333,1588842297440
185.140.53.207/185.140.53.207:8333,1588842297439
185.250.251.12/185.250.251.12:8333,1588842297440
184.164.128.66/184.164.128.66:8333,1588842297441
162.229.192.84/162.229.192.84:8333,1588842297441
178.17.173.2/178.17.173.2:8333,1588842297442
20.43.94.5/20.43.94.5:8333,1588842297440
54.169.187.197/54.169.187.197:8331,1588842297442
99.80.53.81/99.80.53.81:8333,1588842297442
111.0.131.243/111.0.131.243:8333,1588842297442
115.209.244.78/115.209.244.78:8333,1588842297441
46.124.107.177/46.124.107.177:8333,1588842297441
3.112.29.49/3.112.29.49:8333,1588842297441
217.15.128.157/217.15.128.157:8333,1588842297442
51.75.146.126/51.75.146.126:8334,1588842297441
73.223.182.127/73.223.182.127:8333,1588842297439
54.244.210.48/54.244.210.48:8333,1588842297440
51.89.172.199/51.89.172.199:8333,1588842297441
94.130.36.117/94.130.36.117:8333,1588842297442
2404:0:0:0:0:0:0:0/2404:0:0:0:0:0:0:0:0,1588842297442
54.238.234.255/54.238.234.255:8333,1588842297440
47.89.213.238/47.89.213.238:8333,1588842297440
23.238.33.122/23.238.33.122:8333,1588842297440
34.207.136.236/34.207.136.236:8333,1588842297439
136.243.57.61/136.243.57.61:8333,1588842297442
2a00:23c7:5107:8f00:4606:694d:a8c8:7e45/2a00:23c7:5107:8f00:4606:694d:a8c8:7e45:8333,1588842297442
174.58.139.112/174.58.139.112:8333,1588842297442
71.161.203.17/71.161.203.17:8333,1588842297440
38.39.205.14/38.39.205.14:8333,1588842297441
86.62.84.50/86.62.84.50:8334,1588842297442
34.253.153.199/34.253.153.199:8333,1588842297441
95.217.33.143/95.217.33.143:8333,1588842297442
2603:3001:3286:e000:b8e4:b24:e1d2:5750/2603:3001:3286:e000:b8e4:b24:e1d2:5750:8333,1588842297440
18.184.97.68/18.184.97.68:8333,1588842297441
34.83.56.227/34.83.56.227:8333,1588842297440
3.114.19.31/3.114.19.31:8333,1588842297441
101.133.167.128/101.133.167.128:8333,1588842297440
34.90.14.72/34.90.14.72:8333,1588842297441
50.225.198.67/50.225.198.67:6359,1588842297442
64.225.99.160/64.225.99.160:8333,1588842297442
142.68.82.226/142.68.82.226:8333,1588842297441
187.114.99.230/187.114.99.230:8333,1588842297442
18.207.159.29/18.207.159.29:8333,1588842297439
2001:da8:d800:821:a7d5:f5a7:530d:b71e/2001:da8:d800:821:a7d5:f5a7:530d:b71e:8333,1588842297442
59.42.108.244/59.42.108.244:8333,1588842297439
114.235.3.35/114.235.3.35:8333,1588842297440
39.98.205.229/39.98.205.229:8333,1588842297442
52.157.229.13/52.157.229.13:8333,1588842297441
